iteration,reward_mean,reward_dev,loss
500,1.0,11.357816691600547,9.203794479370117
1000,1.0,5.385164807134504,4.416737079620361
1500,3.0,6.4031242374328485,7.1967597007751465
